<?xml version="1.0" encoding="utf-8"?>
<odoo>
    <record id="estate_property_public_public_write_record_rule" model="ir.rule">
        <field name="name">Public user write rule</field>
        <field name="model_id" ref="model_estate_property"/>
        <field name="domain_force">[('id','=',False)]</field>
        <field name="groups" eval="[(4, ref('base.group_public'))]"/>
        <field name="perm_write" eval="False"/>
        <field name="active" eval="True"/>
    </record>
    
    <record id="estate_property_public_read_record_rule" model="ir.rule">
        <field name="name">Public user read rule</field>
        <field name="model_id" ref="model_estate_property"/>
        <field name="domain_force">[('x_api_published','=',True)]</field>
        <field name="groups" eval="[(4, ref('base.group_public'))]"/>
        <field name="perm_read" eval="True"/>
        <field name="active" eval="True"/>
    </record>
</odoo>
