<?xml version="1.0" encoding="utf-8"?>
<odoo>
    <record id="field_estate_property_name" model="ir.model.fields">
        <field name="model_id" ref="model_estate_property" />
        <field name="name">x_name</field>
        <field name="field_description">Name</field>
        <field name="ttype">char</field>
        <field name="required">True</field>
    </record>

    <record id="field_estate_property_selling_price" model="ir.model.fields">
        <field name="model_id" ref="model_estate_property" />
        <field name="name">x_selling_price</field>
        <field name="field_description">Selling Price</field>
        <field name="ttype">float</field>
        <field name="required">True</field>
    </record>

    <record id="field_estate_property_description" model="ir.model.fields">
        <field name="model_id" ref="model_estate_property" />
        <field name="name">x_description</field>
        <field name="field_description">Description</field>
        <field name="ttype">html</field>
    </record>

    <record id="field_estate_property_postcode" model="ir.model.fields">
        <field name="model_id" ref="model_estate_property" />
        <field name="name">x_postcode</field>
        <field name="field_description">Postcode</field>
        <field name="ttype">char</field>
    </record>

    <record id="field_estate_property_date_availability" model="ir.model.fields">
        <field name="model_id" ref="model_estate_property" />
        <field name="name">x_date_availability</field>
        <field name="field_description">Date Availability</field>
        <field name="ttype">date</field>
    </record>

    <record id="field_estate_property_expected_price" model="ir.model.fields">
        <field name="model_id" ref="model_estate_property" />
        <field name="name">x_expected_price</field>
        <field name="field_description">Expected Price</field>
        <field name="ttype">float</field>
        <field name="required">True</field>
    </record>

    <record id="field_estate_property_bedrooms" model="ir.model.fields">
        <field name="model_id" ref="model_estate_property" />
        <field name="name">x_bedrooms</field>
        <field name="field_description">Bedrooms</field>
        <field name="ttype">integer</field>
    </record>

    <record id="field_estate_property_living_area" model="ir.model.fields">
        <field name="model_id" ref="model_estate_property" />
        <field name="name">x_living_area</field>
        <field name="field_description">Living Area</field>
        <field name="ttype">integer</field>
    </record>

    <record id="field_estate_property_facades" model="ir.model.fields">
        <field name="model_id" ref="model_estate_property" />
        <field name="name">x_facades</field>
        <field name="field_description">Facades</field>
        <field name="ttype">integer</field>
    </record>

    <record id="field_estate_property_garage" model="ir.model.fields">
        <field name="model_id" ref="model_estate_property" />
        <field name="name">x_garage</field>
        <field name="field_description">Garage</field>
        <field name="ttype">boolean</field>
    </record>

    <record id="field_estate_property_garden" model="ir.model.fields">
        <field name="model_id" ref="model_estate_property" />
        <field name="name">x_garden</field>
        <field name="field_description">Garden</field>
        <field name="ttype">boolean</field>
    </record>

    <record id="field_estate_property_garden_area" model="ir.model.fields">
        <field name="model_id" ref="model_estate_property" />
        <field name="name">x_garden_area</field>
        <field name="field_description">Garden Area</field>
        <field name="ttype">integer</field>
    </record>

    <record id="field_estate_property_garden_orientation" model="ir.model.fields">
        <field name="model_id" ref="model_estate_property" />
        <field name="name">x_garden_orientation</field>
        <field name="field_description">Garden Orientation</field>
        <field name="ttype">selection</field>
    </record>

    <record id="field_estate_property_garden_orientation_north" model="ir.model.fields.selection">
        <field name="field_id" ref="field_estate_property_garden_orientation" />
        <field name="name">North</field>
        <field name="value">north</field>
    </record>

    <record id="field_estate_property_garden_orientation_south" model="ir.model.fields.selection">
        <field name="field_id" ref="field_estate_property_garden_orientation" />
        <field name="name">South</field>
        <field name="value">south</field>
    </record>

    <record id="field_estate_property_garden_orientation_east" model="ir.model.fields.selection">
        <field name="field_id" ref="field_estate_property_garden_orientation" />
        <field name="name">East</field>
        <field name="value">east</field>
    </record>

    <record id="field_estate_property_garden_orientation_west" model="ir.model.fields.selection">
        <field name="field_id" ref="field_estate_property_garden_orientation" />
        <field name="name">West</field>
        <field name="value">west</field>
    </record>

    <record id="field_estate_property_proprty_type_id" model="ir.model.fields">
        <field name="model_id" ref="estate.model_estate_property" />
        <field name="name">x_property_type_id</field>
        <field name="field_description">Type</field>
        <field name="ttype">many2one</field>
        <field name="relation">x_estate.property.type</field>
        <field name="required">True</field>
        <field name="on_delete">restrict</field>
    </record>

    <record id="field_estate_property_partner_id" model="ir.model.fields">
        <field name="model_id" ref="estate.model_estate_property" />
        <field name="name">x_partner_id</field>
        <field name="field_description">Buyer</field>
        <field name="ttype">many2one</field>
        <field name="relation">res.partner</field>
    </record>

    <record id="field_estate_property_user_id" model="ir.model.fields">
        <field name="model_id" ref="estate.model_estate_property" />
        <field name="name">x_user_id</field>
        <field name="field_description">Salesperson</field>
        <field name="ttype">many2one</field>
        <field name="relation">res.partner</field>
    </record>

    <record id="field_estate_property_tag_ids" model="ir.model.fields">
        <field name="model_id" ref="estate.model_estate_property" />
        <field name="name">x_property_tag_ids</field>
        <field name="field_description">Tags</field>
        <field name="ttype">many2many</field>
        <field name="relation">x_estate.property.tag</field>
    </record>

    <record id="field_estate_property_offer_ids" model="ir.model.fields">
        <field name="model_id" ref="estate.model_estate_property" />
        <field name="name">x_property_offer_ids</field>
        <field name="field_description">Offers</field>
        <field name="ttype">one2many</field>
        <field name="relation">x_estate.property.offer</field>
        <field name="relation_field">x_property_id</field>
    </record>

    <record id="field_estate_property_total_area" model="ir.model.fields">
        <field name="model_id" ref="estate.model_estate_property" />
        <field name="name">x_total_area</field>
        <field name="field_description">Total Area</field>
        <field name="ttype">float</field>
        <field name="depends">x_living_area,x_garden_area</field>
        <field name="compute"><![CDATA[
for property in self:
    property['x_total_area'] = property.x_living_area + property.x_garden_area
        ]]></field>
    </record>

    <record id="field_estate_property_country_id" model="ir.model.fields">
        <field name="model_id" ref="estate.model_estate_property" />
        <field name="name">x_country_id</field>
        <field name="field_description">Buyer's Country</field>
        <field name="ttype">many2one</field>
        <field name="relation">res.country</field>
        <field name="related">x_partner_id.country_id</field>
    </record>

    <record id="field_estate_property_api_published" model="ir.model.fields">
        <field name="model_id" ref="estate.model_estate_property" />
        <field name="name">x_api_published</field>
        <field name="field_description">Api Published</field>
        <field name="ttype">boolean</field>
    </record>
</odoo>
