<?xml version="1.0" encoding="utf-8"?>

<odoo>
    <record id="field_estate_property_offer_price" model="ir.model.fields">
        <field name="model_id" ref="model_estate_property_offer" />
        <field name="name">x_price</field>
        <field name="field_description">Price</field>
        <field name="ttype">float</field>
        <field name="required">True</field>
    </record>

    <record id="field_estate_property_offer_status" model="ir.model.fields">
        <field name="model_id" ref="model_estate_property_offer" />
        <field name="name">x_status</field>
        <field name="field_description">Status</field>
        <field name="ttype">selection</field>
    </record>

    <record id="field_estate_property_status_accepted" model="ir.model.fields.selection">
        <field name="field_id" ref="field_estate_property_offer_status" />
        <field name="name">Accepted</field>
        <field name="value">accepted</field>
    </record>

    <record id="field_estate_property_status_refused" model="ir.model.fields.selection">
        <field name="field_id" ref="field_estate_property_offer_status" />
        <field name="name">Refused</field>
        <field name="value">refused</field>
    </record>

    <record id="field_estate_property_offer_partner_id" model="ir.model.fields">
        <field name="model_id" ref="model_estate_property_offer" />
        <field name="name">x_partner_id</field>
        <field name="field_description">Buyer</field>
        <field name="ttype">many2one</field>
        <field name="relation">res.partner</field>
        <field name="required">True</field>
        <field name="on_delete">cascade</field>
    </record>

    <record id="field_estate_property_offer_property_id" model="ir.model.fields">
        <field name="model_id" ref="model_estate_property_offer" />
        <field name="name">x_property_id</field>
        <field name="field_description">Property</field>
        <field name="ttype">many2one</field>
        <field name="relation">x_estate.property</field>
        <field name="required">True</field>
        <field name="on_delete">cascade</field>
    </record>

    <record id="action_estate_property_offer_accept" model="ir.actions.server">
        <field name="model_id" ref="model_estate_property_offer"/>
        <field name="name">x_action_accept_offer</field>
        <field name="state">code</field>
        <field name="code"><![CDATA[
for offer in records:
    offer.write({'x_status': 'accepted'})
    offer.x_property_id.write({'x_selling_price': offer.x_price, 'x_partner_id': offer.x_partner_id})
    for rejected_offer in offer.x_property_id.x_property_offer_ids:
        if rejected_offer != offer:
            rejected_offer.write({'x_status': 'refused'})
        ]]></field>
    </record>
</odoo>
