<?xml version="1.0" encoding="utf-8"?>

<odoo>
    <record id="field_estate_property_tag_name" model="ir.model.fields">
        <field name="model_id" ref="model_estate_property_tag" />
        <field name="name">x_name</field>
        <field name="field_description">Name</field>
        <field name="ttype">char</field>
        <field name="required">True</field>
    </record>

    <record id="field_estate_property_tag_color" model="ir.model.fields">
        <field name="model_id" ref="model_estate_property_tag" />
        <field name="name">x_color</field>
        <field name="field_description">Color</field>
        <field name="ttype">integer</field>
    </record>
</odoo>
