<odoo>
    <record id="estate_xml_property_offer_model" model="ir.model">
        <field name="name">Real Estate Property offer</field>
        <field name="model">x_estate_xml.property.offer</field>
    </record>

    <record id="estate_xml_property_offer_price_field" model="ir.model.fields">
        <field name="model_id" ref="estate_xml_property_offer_model"/>
        <field name="name">x_price</field>
        <field name="field_description">Price</field>
        <field name="ttype">integer</field>
        <field name="required">True</field>
    </record>

    <record id="estate_xml_property_offer_partner_field" model="ir.model.fields">
        <field name="model_id" ref="estate_xml_property_offer_model"/>
        <field name="name">x_partner_id</field>
        <field name="field_description">Buyer</field>
        <field name="ttype">many2one</field>
        <field name="relation">res.partner</field>
    </record>

    <record id="estate_xml_property_offer_state_field" model="ir.model.fields">
        <field name="model_id" ref="estate_xml_property_offer_model"/>
        <field name="name">x_state</field>
        <field name="field_description">State</field>
        <field name="ttype">selection</field>
    </record>

    <record id="estate_xml_property_garden_area_north" model="ir.model.fields.selection">
        <field name="field_id" ref="estate_xml_property_offer_state_field"/>
        <field name="name">x_draft</field>
        <field name="value">Draft</field>
    </record>

    <record id="estate_xml_property_garden_area_south" model="ir.model.fields.selection">
        <field name="field_id" ref="estate_xml_property_offer_state_field"/>
        <field name="name">x_accepted</field>
        <field name="value">Accepted</field>
    </record>

    <record id="estate_xml_property_garden_area_south" model="ir.model.fields.selection">
        <field name="field_id" ref="estate_xml_property_offer_state_field"/>
        <field name="name">x_declined</field>
        <field name="value">Declined</field>
    </record>

</odoo>
