<?xml version='1.0' encoding='UTF-8'?>
<odoo>
  <record id="real_estate.real_estate_type_data5" model="real.estate.property.category" forcecreate="1">
    <field name="name">Special Use Properties</field>
  </record>
  <record id="real_estate.real_estate_type_data3" model="real.estate.property.category" forcecreate="1">
    <field name="name">Industrial</field>
    <field name="sequence">2</field>
  </record>
  <record id="real_estate.real_estate_type_data4" model="real.estate.property.category" forcecreate="1">
    <field name="name">Plots</field>
    <field name="sequence">3</field>
  </record>
  <record id="real_estate.real_estate_type_data2" model="real.estate.property.category" forcecreate="1">
    <field name="name">Commercial</field>
    <field name="sequence">4</field>
  </record>
  <record id="real_estate.real_estate_type_data1" model="real.estate.property.category" forcecreate="1">
    <field name="name">Residential</field>
    <field name="sequence">5</field>
  </record>
</odoo>
