id,name,model_id:id,group_id:id,perm_read,perm_write,perm_create,perm_unlink
access_port_city,access_port_city,model_port_city,base.group_user,1,1,1,1
access_freight_type,access_freight_type,model_freight_type,base.group_user,1,1,1,1
access_package_type,access_package_type,model_package_type,base.group_user,1,1,1,1
access_container_type,access_container_type,model_container_type,base.group_user,1,1,1,1
access_freight_container,access_freight_container,model_freight_container,base.group_user,1,1,1,1
access_lading_type,access_lading_type,model_lading_type,base.group_user,1,1,1,1
access_ocean_shipments,access_ocean_shipments,model_ocean_shipments,base.group_user,1,1,1,1
access_vessels,access_vessels,model_vessels,base.group_user,1,1,1,1
access_flights,access_flights,model_flights,base.group_user,1,1,1,1
access_service_scope,access_service_scope,model_service_scope,base.group_user,1,1,1,1
access_clearance_type,access_clearance_type,model_clearance_type,base.group_user,1,1,1,1
access_commodity_group,access_commodity_group,model_commodity_group,base.group_user,1,1,1,1
access_commodity_data,access_commodity_data,model_commodity_data,base.group_user,1,1,1,1
access_freight_tags,access_freight_tags,model_freight_tags,base.group_user,1,1,1,1
access_document_type,access_document_type,model_document_type,base.group_user,1,1,1,1