<?xml version="1.0" encoding="utf-8"?>

<odoo>
    <record id="model_real_estate_property" model="ir.model">
        <field name="name">Real Estate Property</field>
        <field name="model">x_estate.property</field>
    </record>

    <record id="field_real_estate_property_name" model="ir.model.fields">
        <field name="model_id" ref="estate.model_real_estate_property" />
        <field name="name">x_name</field>
        <field name="field_description">Name</field>
        <field name="ttype">char</field>
        <field name="required">True</field>
    </record>

    <record id="field_real_estate_property_selling_price" model="ir.model.fields">
        <field name="model_id" ref="estate.model_real_estate_property" />
        <field name="name">x_selling_price</field>
        <field name="field_description">Selling Price</field>
        <field name="ttype">float</field>
        <field name="required">True</field>
    </record>

    <record id="field_real_estate_property_description" model="ir.model.fields">
        <field name="model_id" ref="estate.model_real_estate_property" />
        <field name="name">x_description</field>
        <field name="field_description">Description</field>
        <field name="ttype">html</field>
    </record>

    <record id="field_real_estate_property_postcode" model="ir.model.fields">
        <field name="model_id" ref="estate.model_real_estate_property" />
        <field name="name">x_postcode</field>
        <field name="field_description">Postcode</field>
        <field name="ttype">char</field>
    </record>

    <record id="field_real_estate_property_date_availability" model="ir.model.fields">
        <field name="model_id" ref="estate.model_real_estate_property" />
        <field name="name">x_date_availability</field>
        <field name="field_description">Date Availability</field>
        <field name="ttype">date</field>
    </record>

    <record id="field_real_estate_property_expected_price" model="ir.model.fields">
        <field name="model_id" ref="estate.model_real_estate_property" />
        <field name="name">x_expected_price</field>
        <field name="field_description">Expected Price</field>
        <field name="ttype">float</field>
        <field name="required">True</field>
    </record>

    <record id="field_real_estate_property_bedrooms" model="ir.model.fields">
        <field name="model_id" ref="estate.model_real_estate_property" />
        <field name="name">x_bedrooms</field>
        <field name="field_description">Bedrooms</field>
        <field name="ttype">integer</field>
    </record>

    <record id="field_real_estate_property_living_area" model="ir.model.fields">
        <field name="model_id" ref="estate.model_real_estate_property" />
        <field name="name">x_living_area</field>
        <field name="field_description">Living Area</field>
        <field name="ttype">integer</field>
    </record>

    <record id="field_real_estate_property_facades" model="ir.model.fields">
        <field name="model_id" ref="estate.model_real_estate_property" />
        <field name="name">x_facades</field>
        <field name="field_description">Facades</field>
        <field name="ttype">integer</field>
    </record>

    <record id="field_real_estate_property_garage" model="ir.model.fields">
        <field name="model_id" ref="estate.model_real_estate_property" />
        <field name="name">x_garage</field>
        <field name="field_description">Garage</field>
        <field name="ttype">boolean</field>
    </record>

    <record id="field_real_estate_property_garden" model="ir.model.fields">
        <field name="model_id" ref="estate.model_real_estate_property" />
        <field name="name">x_garden</field>
        <field name="field_description">Garden</field>
        <field name="ttype">boolean</field>
    </record>

    <record id="field_real_estate_property_garden_area" model="ir.model.fields">
        <field name="model_id" ref="estate.model_real_estate_property" />
        <field name="name">x_garden_area</field>
        <field name="field_description">Garden Area</field>
        <field name="ttype">integer</field>
    </record>

    <record id="field_real_estate_property_garden_orientation" model="ir.model.fields">
        <field name="model_id" ref="estate.model_real_estate_property" />
        <field name="name">x_garden_orientation</field>
        <field name="field_description">Garden Orientation</field>
        <field name="ttype">selection</field>
    </record>

    <record id="selection_real_estate_property_garden_orientation" model="ir.model.fields.selection">
        <field name="field_id" ref="estate.field_real_estate_property_garden_orientation"/>
        <field name="name">North</field>
        <field name="value">north</field>
        <field name="sequence">1</field>
    </record>

    <record id="selection_real_estate_property_garden_orientation" model="ir.model.fields.selection">
        <field name="field_id" ref="estate.field_real_estate_property_garden_orientation"/>
        <field name="name">South</field>
        <field name="value">south</field>
        <field name="sequence">2</field>
    </record>

    <record id="selection_real_estate_property_garden_orientation" model="ir.model.fields.selection">
        <field name="field_id" ref="estate.field_real_estate_property_garden_orientation"/>
        <field name="name">West</field>
        <field name="value">west</field>
        <field name="sequence">4</field>
    </record>

    <record id="selection_real_estate_property_garden_orientation" model="ir.model.fields.selection">
        <field name="field_id" ref="estate.field_real_estate_property_garden_orientation"/>
        <field name="name">East</field>
        <field name="value">east</field>
        <field name="sequence">3</field>
    </record>
</odoo>
